id,cidade,lat,lon
3500105,Adamantina,-21.576304270889878,-51.05616219188306
3500204,Adolfo,-21.288078046562557,-49.65281480574286
3500303,Aguaí,-22.049604954753647,-47.039711091497935
3500402,Águas da Prata,-21.91375720082714,-46.691309551184716
3500501,Águas de Lindóia,-22.47405169387128,-46.60304930368094
3500550,Águas de Santa Bárbara,-22.85850793848385,-49.26039315603515
3500600,Águas de São Pedro,-22.599020058258866,-47.87598238958155
3500709,Agudos,-22.571081513916116,-49.10790475015966
3500758,Alambari,-23.54861169263054,-47.86833591006229
3500808,Alfredo Marcondes,-21.934925923514967,-51.39558658380303
3500907,Altair,-20.532974220890562,-49.093705342599016
3501004,Altinópolis,-21.017674541184302,-47.38596859443083
3501103,Alto Alegre,-21.612192045208776,-50.19156354534441
3501152,Alumínio,-23.532520562957462,-47.280995340869026
3501202,Álvares Florence,-20.289139334148434,-49.919608005205475
3501301,Álvares Machado,-22.131588783623133,-51.514720503213084
3501400,Álvaro de Carvalho,-22.086285781755237,-49.73331290824608
3501509,Alvinlândia,-22.45178475231312,-49.75808171685381
3501608,Americana,-22.722978074397503,-47.28842718534319
3501707,Américo Brasiliense,-21.721610788600405,-48.03126406387443
3501806,Américo de Campos,-20.289067474072002,-49.76715105027969
3501905,Amparo,-22.698587894846337,-46.798268782116196
3502002,Analândia,-22.12082095705227,-47.67759665305609
3502101,Andradina,-20.83504379755099,-51.32926650431459
3502200,Angatuba,-23.436396301212397,-48.45885894653582
3502309,Anhembi,-22.79946129269498,-48.17424920961811
3502408,Anhumas,-22.361276754232986,-51.427245951465686
3502507,Aparecida,-22.91337329287519,-45.23690896515879
3502606,Aparecida d'Oeste,-20.47827903327649,-50.92118174245604
3502705,Apiaí,-24.42103593185552,-48.816518292645384
3502754,Araçariguama,-23.434722176269904,-47.072049487291146
3502804,Araçatuba,-21.113618648728096,-50.57372563496318
3502903,Araçoiaba da Serra,-23.543418555317466,-47.65087106453213
3503000,Aramina,-20.14447422239814,-47.820153946346714
3503109,Arandu,-23.177251407688036,-49.063251370030315
3503158,Arapeí,-22.672326820601366,-44.43810240574389
3503208,Araraquara,-21.790919851102615,-48.18083900039281
3503307,Araras,-22.34575672626694,-47.32316593640958
3503356,Arco-Íris,-21.766067001150866,-50.43020053581338
3503406,Arealva,-22.07565873982861,-48.98160256379728
3503505,Areias,-22.672623156243425,-44.711928193484006
3503604,Areiópolis,-22.63208515950288,-48.6523476006866
3503703,Ariranha,-21.18529876053976,-48.77845893546778
3503802,Artur Nogueira,-22.560617341700812,-47.13158833470406
3503901,Arujá,-23.38558182831526,-46.31902811600192
3503950,Aspásia,-20.18304310349649,-50.72773754144037
3504008,Assis,-22.601032894453663,-50.420285620105226
3504107,Atibaia,-23.12292125704764,-46.58647937945913
3504206,Auriflama,-20.64373487703826,-50.57943236816102
3504305,Avaí,-22.18670137200398,-49.31565295701696
3504404,Avanhandava,-21.460030538881504,-49.94674452134696
3504503,Avaré,-23.074563061385327,-48.893586804531495
3504602,Bady Bassitt,-20.931609234415422,-49.436921843911485
3504701,Balbinos,-21.891783190257335,-49.3328794854284
3504800,Bálsamo,-20.70916596875961,-49.55142650024146
3504909,Bananal,-22.73314612141782,-44.33413100000263
3505005,Barão de Antonina,-23.58225452826084,-49.571553877416505
3505104,Barbosa,-21.290267773154508,-49.92146077883915
3505203,Bariri,-22.06634115690587,-48.7182420832628
3505302,Barra Bonita,-22.478934300974345,-48.54084929389768
3505351,Barra do Chapéu,-24.443327681684003,-49.08466216869003
3505401,Barra do Turvo,-24.88773357015003,-48.42642849581536
3505500,Barretos,-20.513771553735566,-48.65160691844094
3505609,Barrinha,-21.23195818439896,-48.09491474490476
3505708,Barueri,-23.50506553185676,-46.87635199536418
3505807,Bastos,-21.95020224354118,-50.74348062192561
3505906,Batatais,-20.867169302904696,-47.5744179886481
3506003,Bauru,-22.25360883464175,-49.125787107965344
3506102,Bebedouro,-20.93994207111614,-48.51021360780188
3506201,Bento de Abreu,-21.331386781077786,-50.86145534535705
3506300,Bernardino de Campos,-23.030246127546672,-49.491289155901306
3506359,Bertioga,-23.75919370815766,-46.02936658234352
3506409,Bilac,-21.427428927189933,-50.479072898375755
3506508,Birigui,-21.261342912724448,-50.35052430714395
3506607,Biritiba-Mirim,-23.62413499485219,-46.021061113379595
3506706,Boa Esperança do Sul,-21.93450220007191,-48.463258926399824
3506805,Bocaina,-22.10512309661342,-48.5284711451594
3506904,Bofete,-23.12855157698104,-48.28527357935241
3507001,Boituva,-23.287282665964465,-47.674180065312086
3507100,Bom Jesus dos Perdões,-23.171865772428575,-46.47846764907436
3507159,Bom Sucesso de Itararé,-24.31537640139999,-49.163883310149934
3507209,Borá,-22.243754478743128,-50.50164883912045
3507308,Boracéia,-22.169563446029905,-48.787952857695316
3507407,Borborema,-21.61020633805493,-49.071650314791135
3507456,Borebi,-22.679757007595065,-48.99167094911852
3507506,Botucatu,-22.862905217474154,-48.467963917988946
3507605,Bragança Paulista,-22.938138197680768,-46.55542216194356
3507704,Braúna,-21.552909765527172,-50.33911458469563
3507753,Brejo Alegre,-21.176365703666324,-50.20935257635905
3507803,Brodowski,-21.049032043308383,-47.62765647552049
3507902,Brotas,-22.272630885923828,-48.08076137510189
3508009,Buri,-23.751460570232666,-48.57492092004643
3508108,Buritama,-21.04881062522439,-50.19995208464521
3508207,Buritizal,-20.209300838325653,-47.69250596950973
3508306,Cabrália Paulista,-22.488980581503032,-49.37232192713894
3508405,Cabreúva,-23.30088878688986,-47.0800499687823
3508504,Caçapava,-23.103282519715293,-45.71303617030463
3508603,Cachoeira Paulista,-22.701816758066236,-44.99137041886341
3508702,Caconde,-21.53934478224624,-46.61661311085924
3508801,Cafelândia,-21.7307036796852,-49.54831281238883
3508900,Caiabu,-21.94933907618942,-51.22336551075773
3509007,Caieiras,-23.376124723888072,-46.74440195314325
3509106,Caiuá,-21.80192674512227,-51.986796896932624
3509205,Cajamar,-23.350939822666145,-46.87156389729678
3509254,Cajati,-24.771464042997273,-48.19446966299844
3509304,Cajobi,-20.87344160252221,-48.83810654200676
3509403,Cajuru,-21.27552619568918,-47.30991324782505
3509452,Campina do Monte Alegre,-23.60652241734433,-48.44151200954441
3509502,Campinas,-22.883562463473083,-47.04343008774881
3509601,Campo Limpo Paulista,-23.21784996411114,-46.75978393687598
3509700,Campos do Jordão,-22.70125198043538,-45.53262266417115
3509809,Campos Novos Paulista,-22.610543003911598,-50.00960500494505
3509908,Cananéia,-25.018179599097543,-48.00782415595285
3509957,Canas,-22.729482623341163,-45.041048281723185
3510005,Cândido Mota,-22.808109567280447,-50.42116606770194
3510104,Cândido Rodrigues,-21.34247926380546,-48.62796116862279
3510153,Canitar,-23.018833398641704,-49.791468326042335
3510203,Capão Bonito,-24.038687265022226,-48.28943614301633
3510302,Capela do Alto,-23.466801956684524,-47.73052545565178
3510401,Capivari,-22.980489180758553,-47.47761071443553
3510500,Caraguatatuba,-23.63936054773048,-45.48864997652931
3510609,Carapicuíba,-23.55025639585203,-46.84208211550846
3510708,Cardoso,-20.0670819768214,-49.94713825451314
3510807,Casa Branca,-21.800197855790977,-47.087699824850894
3510906,Cássia dos Coqueiros,-21.262685193943422,-47.1438749936293
3511003,Castilho,-20.897283714123812,-51.56967142917026
3511102,Catanduva,-21.133439116805313,-48.96307445991559
3511201,Catiguá,-21.062315919245698,-49.05234079266553
3511300,Cedral,-20.913199577627285,-49.263139541092876
3511409,Cerqueira César,-23.059549641207983,-49.142974341716375
3511508,Cerquilho,-23.186427479197047,-47.75658899201476
3511607,Cesário Lange,-23.216224916808155,-47.90364334824489
3511706,Charqueada,-22.52986904870595,-47.745971503475545
3511904,Clementina,-21.570179220465015,-50.45997391714834
3512001,Colina,-20.74569102690097,-48.588561792760736
3512100,Colômbia,-20.26636472101827,-48.72102871316632
3512209,Conchal,-22.368952837996666,-47.14083945997607
3512308,Conchas,-22.965185612180147,-48.04648922778143
3512407,Cordeirópolis,-22.478722488112258,-47.41412459413936
3512506,Coroados,-21.375291763833374,-50.303061109329654
3512605,Coronel Macedo,-23.629633768147432,-49.30641655506204
3512704,Corumbataí,-22.235909748629936,-47.61075772235845
3512803,Cosmópolis,-22.65104590050096,-47.18618355138334
3512902,Cosmorama,-20.443241497807044,-49.77480831724538
3513009,Cotia,-23.674697734282955,-46.960112070214954
3513108,Cravinhos,-21.33935742911492,-47.74442011393428
3513207,Cristais Paulista,-20.37082624971381,-47.40027554061388
3513306,Cruzália,-22.73724539264307,-50.76891016690113
3513405,Cruzeiro,-22.551102411326138,-45.00573908203191
3513504,Cubatão,-23.865390986501172,-46.407667072404394
3513603,Cunha,-23.052641219662725,-44.94176218389764
3513702,Descalvado,-21.88087991734531,-47.654174516325696
3513801,Diadema,-23.696989545670714,-46.61135662769273
3513850,Dirce Reis,-20.4482081651741,-50.62776804477093
3513900,Divinolândia,-21.661086458631804,-46.69723346719873
3514007,Dobrada,-21.515697052753563,-48.35729561876087
3514106,Dois Córregos,-22.3953796234535,-48.340147996680926
3514205,Dolcinópolis,-20.116118694784863,-50.527660795571
3514304,Dourado,-22.116857508086092,-48.33296384062903
3514403,Dracena,-21.5565965703692,-51.58356539295735
3514502,Duartina,-22.39283821964569,-49.41292436350093
3514601,Dumont,-21.246748458731002,-47.980138248519474
3514700,Echaporã,-22.447872710433437,-50.19982369427248
3514809,Eldorado,-24.49455084770453,-48.233149298071496
3514908,Elias Fausto,-23.07010420948487,-47.369901544837184
3514924,Elisiário,-21.160783277861675,-49.091375583839536
3514957,Embaúba,-20.952565225524356,-48.84722443920197
3515004,Embu,-23.65086657389839,-46.851491667619236
3515103,Embu-Guaçu,-23.854073947999694,-46.83047270707441
3515129,Emilianópolis,-21.80112885500166,-51.47165437112075
3515152,Engenheiro Coelho,-22.486782728231713,-47.17463986433875
3515186,Espírito Santo do Pinhal,-22.192206835871612,-46.793212544251794
3515194,Espírito Santo do Turvo,-22.670032258990986,-49.43258080682371
3515202,Estrela d'Oeste,-20.26542908038289,-50.41090299924706
3515301,Estrela do Norte,-22.484611178011676,-51.669051463441754
3515350,Euclides da Cunha Paulista,-22.51884569016918,-52.58864515701162
3515400,Fartura,-23.389811589101914,-49.51917734986921
3515509,Fernandópolis,-20.27148438231553,-50.282558094402845
3515608,Fernando Prestes,-21.31014473091559,-48.69484025117485
3515657,Fernão,-22.365474379174447,-49.54199701234611
3515707,Ferraz de Vasconcelos,-23.560629865052103,-46.37352421908254
3515806,Flora Rica,-21.698346755835118,-51.37365049369679
3515905,Floreal,-20.669553781303307,-50.15453428286395
3516002,Flórida Paulista,-21.54002181281609,-51.17015572947322
3516101,Florínia,-22.88057121210087,-50.69439763568541
3516200,Franca,-20.554820528875602,-47.380559354911924
3516309,Francisco Morato,-23.273546768069775,-46.723026392113624
3516408,Franco da Rocha,-23.313944548063066,-46.73535130112681
3516507,Gabriel Monteiro,-21.49932795215077,-50.56426853636111
3516606,Gália,-22.32031931355143,-49.57728447122332
3516705,Garça,-22.230495724536734,-49.68925808116463
3516804,Gastão Vidigal,-20.803965879635566,-50.20228372477431
3516853,Gavião Peixoto,-21.791122010936636,-48.44735357959536
3516903,General Salgado,-20.63831240657329,-50.41517277112033
3517000,Getulina,-21.783458507845673,-50.02770863346491
3517109,Glicério,-21.339906075334763,-50.19841033170893
3517208,Guaiçara,-21.572178369227014,-49.76323148096099
3517307,Guaimbê,-21.87862415723453,-49.860062680905095
3517406,Guaíra,-20.313509106034907,-48.363572907809825
3517505,Guapiaçu,-20.742717865642785,-49.18986121713822
3517604,Guapiara,-24.212108211226777,-48.55507836726804
3517703,Guará,-20.481950509917993,-47.77514334325261
3517802,Guaraçaí,-21.086315419317515,-51.27914919968063
3517901,Guaraci,-20.374332919951318,-49.00228741927173
3518008,Guarani d'Oeste,-20.06623078023009,-50.34366538558055
3518107,Guarantã,-21.915609198315586,-49.5878623809189
3518206,Guararapes,-21.284833919731625,-50.694915018160614
3518305,Guararema,-23.4270293009465,-46.05803162647225
3518404,Guaratinguetá,-22.79314426684981,-45.23251489692465
3518503,Guareí,-23.369864435907026,-48.21877842981595
3518602,Guariba,-21.395574819697448,-48.22585540440586
3518701,Guarujá,-23.9510788580467,-46.23549501393342
3518800,Guarulhos,-23.40247053003391,-46.454879514546725
3518859,Guatapará,-21.452972999539714,-47.97953427812424
3518909,Guzolândia,-20.628388298365227,-50.71295007204005
3519006,Herculândia,-21.961949982221206,-50.37285152404343
3519055,Holambra,-22.629544974334653,-47.0647215329415
3519071,Hortolândia,-22.878222094815897,-47.20784868538835
3519105,Iacanga,-21.890622110708346,-49.03917397365913
3519204,Iacri,-21.799709257585565,-50.61894889593843
3519253,Iaras,-22.81864598277381,-49.10624032269858
3519303,Ibaté,-21.950806597138172,-48.027011666612985
3519402,Ibirá,-21.074147868775658,-49.219930524482905
3519501,Ibirarema,-22.81282318515397,-50.07626821588892
3519600,Ibitinga,-21.792559415134132,-48.84756369560296
3519709,Ibiúna,-23.80205371479802,-47.21488492007033
3519808,Icém,-20.366775022382843,-49.18496804241217
3519907,Iepê,-22.64794666757349,-51.05666747998778
3520004,Igaraçu do Tietê,-22.541164072678125,-48.57420822317766
3520103,Igarapava,-20.06340654638883,-47.681728894468876
3520202,Igaratá,-23.13471284844245,-46.14996658691851
3520301,Iguape,-24.549074863100362,-47.47425650919496
3520400,Ilhabela,-23.847869755156257,-45.323251489524814
3520426,Ilha Comprida,-24.859589696528484,-47.716693588986594
3520442,Ilha Solteira,-20.430977127628225,-51.2577652502078
3520509,Indaiatuba,-23.105937012554023,-47.20201221376923
3520608,Indiana,-22.13330279408118,-51.26129446113719
3520707,Indiaporã,-19.947380646113626,-50.26308892065199
3520806,Inúbia Paulista,-21.739108700898615,-50.957197649729
3520905,Ipaussu,-23.0645508582747,-49.60764285717924
3521002,Iperó,-23.40397735712637,-47.62885295522901
3521101,Ipeúna,-22.423729052563736,-47.71529277546382
3521150,Ipiguá,-20.64798779259807,-49.40285798222962
3521200,Iporanga,-24.512429159929525,-48.54609528149528
3521309,Ipuã,-20.41697037411482,-48.0664448979737
3521408,Iracemápolis,-22.59326022266656,-47.5236995108573
3521507,Irapuã,-21.26710150097031,-49.396997601354755
3521606,Irapuru,-21.484611871574188,-51.346030402880245
3521705,Itaberá,-23.873507025818174,-49.14304290719105
3521804,Itaí,-23.47491242023874,-49.05418246427521
3521903,Itajobi,-21.35539794936516,-49.05293633104038
3522000,Itaju,-21.95112742301561,-48.793733221913875
3522109,Itanhaém,-24.091764514176855,-46.834594830807546
3522158,Itaóca,-24.617162696035393,-48.83884540049122
3522208,Itapecerica da Serra,-23.73698649015193,-46.85835965714888
3522307,Itapetininga,-23.645025011398644,-48.122812579806904
3522406,Itapeva,-23.913491802402923,-48.87121446376701
3522505,Itapevi,-23.55036774454529,-46.967452569273675
3522604,Itapira,-22.431407611576628,-46.77169789373267
3522653,Itapirapuã Paulista,-24.56844136416691,-49.222332898332745
3522703,Itápolis,-21.547800832427797,-48.81498758290824
3522802,Itaporanga,-23.6722017668901,-49.45815993334459
3522901,Itapuí,-22.25080937215502,-48.70054569990508
3523008,Itapura,-20.594712027722345,-51.43999431778185
3523107,Itaquaquecetuba,-23.46114225038607,-46.33352782818816
3523206,Itararé,-24.080160582637976,-49.30305396284469
3523305,Itariri,-24.292395689486003,-47.127855060181176
3523404,Itatiba,-23.006119945888702,-46.81395755442224
3523503,Itatinga,-23.15322582895031,-48.62896411455056
3523602,Itirapina,-22.294401574289935,-47.83359456438493
3523701,Itirapuã,-20.6571306770036,-47.169161514646376
3523800,Itobi,-21.74861449323606,-46.92161094479534
3523909,Itu,-23.306832219190863,-47.284449203045746
3524006,Itupeva,-23.146094273061408,-47.06789525229774
3524105,Ituverava,-20.329183126264304,-47.80941690564725
3524204,Jaborandi,-20.649391203412222,-48.41556249553136
3524303,Jaboticabal,-21.217910020646226,-48.287532631682765
3524402,Jacareí,-23.29794921915913,-45.99088531472192
3524501,Jaci,-20.9447346860569,-49.580551289569364
3524600,Jacupiranga,-24.777213791459225,-48.05350152365285
3524709,Jaguariúna,-22.691559977565042,-47.01231306187311
3524808,Jales,-20.285577841284567,-50.553439001069606
3524907,Jambeiro,-23.27882442764689,-45.7100773536138
3525003,Jandira,-23.544405587787168,-46.898908008657614
3525102,Jardinópolis,-20.99165683269728,-47.825850927576155
3525201,Jarinu,-23.111414851860633,-46.72096862343073
3525300,Jaú,-22.295736804390334,-48.55539238209359
3525409,Jeriquara,-20.33948420958488,-47.573543321997754
3525508,Joanópolis,-22.938595814246725,-46.20857676507833
3525607,João Ramalho,-22.277613226716685,-50.79876087684506
3525706,José Bonifácio,-21.089150133970175,-49.77891812044247
3525805,Júlio Mesquita,-21.973082969968964,-49.79282270339369
3525854,Jumirim,-23.098855540325097,-47.787403219864245
3525904,Jundiaí,-23.194074056926077,-46.912467562676156
3526001,Junqueirópolis,-21.44893050344278,-51.43469193524847
3526100,Juquiá,-24.213646461835932,-47.65310871114016
3526209,Juquitiba,-23.954656604916412,-47.02407041704773
3526308,Lagoinha,-23.085156487080717,-45.2064790405773
3526407,Laranjal Paulista,-23.011677318596814,-47.86510302420093
3526506,Lavínia,-21.150781900844883,-51.032360946413164
3526605,Lavrinhas,-22.519685250616195,-44.888522696475135
3526704,Leme,-22.17170695582528,-47.337048260646824
3526803,Lençóis Paulista,-22.675498757970036,-48.82444554586806
3526902,Limeira,-22.598124472500064,-47.36322245639603
3527009,Lindóia,-22.512886493872777,-46.65427611121733
3527108,Lins,-21.649420935145343,-49.68286582195753
3527207,Lorena,-22.793543114719512,-45.05964044182896
3527256,Lourdes,-20.948906307771956,-50.23356127158181
3527306,Louveira,-23.083903099747765,-46.936869038105364
3527405,Lucélia,-21.644097071165138,-50.99139894924922
3527504,Lucianópolis,-22.47343588914082,-49.54987071365957
3527603,Luís Antônio,-21.55236299767964,-47.78172402292941
3527702,Luiziânia,-21.672395868000308,-50.350171383825206
3527801,Lupércio,-22.426719563625717,-49.81624832325415
3527900,Lutécia,-22.325297326051363,-50.38487178173933
3528007,Macatuba,-22.48651418045722,-48.718485774830235
3528106,Macaubal,-20.837572594703445,-49.97443487348701
3528205,Macedônia,-20.097801775266145,-50.18125699825351
3528304,Magda,-20.59600533544645,-50.22957521056451
3528403,Mairinque,-23.50756552830438,-47.229210029139985
3528502,Mairiporã,-23.316895776192773,-46.56082493346051
3528601,Manduri,-23.046826356397247,-49.303138118534925
3528700,Marabá Paulista,-22.1275833947384,-52.05611109173582
3528809,Maracaí,-22.65164582722779,-50.7446736975613
3528858,Marapoama,-21.255214264075164,-49.137414230358274
3528908,Mariápolis,-21.77896671338614,-51.17141120450748
3529005,Marília,-22.17778804531593,-49.98253187066054
3529104,Marinópolis,-20.479784493970485,-50.831672772569014
3529203,Martinópolis,-22.171515368784036,-51.12286917064834
3529302,Matão,-21.609699319831424,-48.42995988137759
3529401,Mauá,-23.665608802237735,-46.44604789381654
3529500,Mendonça,-21.193349523650014,-49.56944373695382
3529609,Meridiano,-20.39799361917946,-50.18624696948167
3529658,Mesópolis,-19.957319062870862,-50.61525158533034
3529708,Miguelópolis,-20.18429963379092,-48.1050899106266
3529807,Mineiros do Tietê,-22.462749650646295,-48.43281219978467
3529906,Miracatu,-24.19452267375858,-47.39415310199059
3530003,Mira Estrela,-19.951595298407124,-50.12375975584599
3530102,Mirandópolis,-21.080757830041,-51.13014519297403
3530201,Mirante do Paranapanema,-22.34882363322053,-51.99742780108244
3530300,Mirassol,-20.827279799493002,-49.50388737850686
3530409,Mirassolândia,-20.59419273395903,-49.48640196666894
3530508,Mococa,-21.4489618761322,-47.03240320643738
3530607,Mogi das Cruzes,-23.56891887132782,-46.185594383196204
3530706,Mogi Guaçu,-22.23155121241273,-47.0288199165855
3530805,Moji Mirim,-22.45092736747098,-46.9881074426274
3530904,Mombuca,-22.942065805653773,-47.60127224808034
3531001,Monções,-20.862786476341054,-50.078794804777814
3531100,Mongaguá,-24.069838992257523,-46.66742030980695
3531209,Monte Alegre do Sul,-22.70374244246902,-46.66710356653034
3531308,Monte Alto,-21.25886679788096,-48.53228703901138
3531407,Monte Aprazível,-20.736886601712268,-49.76524119221047
3531506,Monte Azul Paulista,-20.90842874482953,-48.68067846191672
3531605,Monte Castelo,-21.25478405498417,-51.57102657348401
3531704,Monteiro Lobato,-22.936457911737023,-45.80404933112794
3531803,Monte Mor,-22.95292950778317,-47.306907976192235
3531902,Morro Agudo,-20.688284566916966,-48.15290025083639
3532009,Morungaba,-22.89326561765087,-46.78265800713038
3532058,Motuca,-21.513253638080954,-48.169543163640746
3532108,Murutinga do Sul,-20.99593080803015,-51.300642690922544
3532157,Nantes,-22.59661306851875,-51.20055925740735
3532207,Narandiba,-22.563191475177135,-51.521242719947494
3532306,Natividade da Serra,-23.414725000107843,-45.3810675907533
3532405,Nazaré Paulista,-23.191448769975764,-46.36635573804788
3532504,Neves Paulista,-20.870311210659708,-49.646143910585955
3532603,Nhandeara,-20.672823535567655,-50.046360193204514
3532702,Nipoã,-20.891292202535208,-49.777704765865415
3532801,Nova Aliança,-21.06206847936586,-49.51539848975168
3532827,Nova Campina,-24.190122573192813,-48.97247655510433
3532843,Nova Canaã Paulista,-20.371422205092525,-50.90989586063916
3532868,Nova Castilho,-20.777433201804385,-50.34532474749776
3532900,Nova Europa,-21.773773128713863,-48.54905565281121
3533007,Nova Granada,-20.475689393220204,-49.33071991707574
3533106,Nova Guataporanga,-21.322077057047213,-51.64502291155504
3533205,Nova Independência,-21.13502334102204,-51.50487076916706
3533254,Novais,-20.987948778824347,-48.91743722932238
3533304,Nova Luzitânia,-20.868361161532356,-50.24861270876396
3533403,Nova Odessa,-22.783769995715133,-47.28443143082555
3533502,Novo Horizonte,-21.468784838025254,-49.283249866619634
3533601,Nuporanga,-20.70429454554271,-47.72866610214432
3533700,Ocauçu,-22.43806954438246,-49.93745713804218
3533809,Óleo,-22.95373755015539,-49.382593737962246
3533908,Olímpia,-20.704898093774236,-48.95927706258748
3534005,Onda Verde,-20.61745578606432,-49.243590236341355
3534104,Oriente,-22.14170925000077,-50.09319406642149
3534203,Orindiúva,-20.201571991260675,-49.3554503371075
3534302,Orlândia,-20.69745987876234,-47.90536242790081
3534401,Osasco,-23.529373385486156,-46.78913446851761
3534500,Oscar Bressane,-22.294909164302982,-50.25709001962738
3534609,Osvaldo Cruz,-21.732258388465237,-50.87323799501106
3534708,Ourinhos,-22.952082677204785,-49.85178303373842
3534757,Ouroeste,-19.922093271772958,-50.401417066156675
3534807,Ouro Verde,-21.51003148267501,-51.73713351504766
3534906,Pacaembu,-21.49490579840179,-51.273543420250014
3535002,Palestina,-20.320944170156526,-49.497223329296936
3535101,Palmares Paulista,-21.104340447349184,-48.82613029627891
3535200,Palmeira d'Oeste,-20.43845708061562,-50.7484266531942
3535309,Palmital,-22.82839068027714,-50.220163104099335
3535408,Panorama,-21.463196226276146,-51.8574581684675
3535507,Paraguaçu Paulista,-22.45858165714453,-50.626055810877524
3535606,Paraibuna,-23.477808927255555,-45.641407514564605
3535705,Paraíso,-21.019265227855332,-48.76391270190518
3535804,Paranapanema,-23.438011021625602,-48.79473988819031
3535903,Paranapuã,-20.063676124242036,-50.59359941632063
3536000,Parapuã,-21.852677483144863,-50.82093947359325
3536109,Pardinho,-23.101614726448783,-48.40149477489795
3536208,Pariquera-Açu,-24.677719236098447,-47.84963302495991
3536257,Parisi,-20.271265617026806,-50.0365923920876
3536307,Patrocínio Paulista,-20.70406514205323,-47.28897538230767
3536406,Paulicéia,-21.198175302807517,-51.79026857534954
3536505,Paulínia,-22.74790102346339,-47.1447196972815
3536570,Paulistânia,-22.56808270959577,-49.30508505170004
3536604,Paulo de Faria,-20.066156164012682,-49.4627123300771
3536703,Pederneiras,-22.30053081229302,-48.86068735619801
3536802,Pedra Bela,-22.77538843299846,-46.44154882863834
3536901,Pedranópolis,-20.209759090234513,-50.10629795686049
3537008,Pedregulho,-20.205096632120185,-47.438648598134584
3537107,Pedreira,-22.754239760809757,-46.88815190815274
3537156,Pedrinhas Paulista,-22.816653251820124,-50.80196884255237
3537206,Pedro de Toledo,-24.163334603942783,-47.163276164183706
3537305,Penápolis,-21.404865394827265,-50.095106585492374
3537404,Pereira Barreto,-20.677722902284913,-51.105304046236355
3537503,Pereiras,-23.120168596451226,-47.97834133163612
3537602,Peruíbe,-24.278658035486977,-47.01272808009695
3537701,Piacatu,-21.57095824792659,-50.64333117185852
3537800,Piedade,-23.786369744004478,-47.43762559519199
3537909,Pilar do Sul,-23.855794849251783,-47.72747077508932
3538006,Pindamonhangaba,-22.87947619499673,-45.45901304873722
3538105,Pindorama,-21.20945416844645,-48.91108268221963
3538204,Pinhalzinho,-22.778306746119462,-46.5729749112534
3538303,Piquerobi,-21.853132765120037,-51.73139679253177
3538501,Piquete,-22.589823844076527,-45.173816589455406
3538600,Piracaia,-23.046594784972587,-46.30215332418191
3538709,Piracicaba,-22.726109636541697,-47.783106985823075
3538808,Piraju,-23.186570406769818,-49.365697594585924
3538907,Pirajuí,-21.95725788550378,-49.41320035878091
3539004,Pirangi,-21.093682004438005,-48.66861149326782
3539103,Pirapora do Bom Jesus,-23.377926669512004,-46.98438037046117
3539202,Pirapozinho,-22.47919843089928,-51.61929071935649
3539301,Pirassununga,-21.995366941015778,-47.38956354968554
3539400,Piratininga,-22.424498266797126,-49.19144173107897
3539509,Pitangueiras,-21.005829740391132,-48.249137039001894
3539608,Planalto,-21.00095799254145,-49.93549841881603
3539707,Platina,-22.62515848271487,-50.212094163207965
3539806,Poá,-23.529635460538316,-46.34593966729304
3539905,Poloni,-20.752574224701004,-49.8196728197961
3540002,Pompéia,-22.028953613866058,-50.18721769469009
3540101,Pongaí,-21.729772248159783,-49.35823221693616
3540200,Pontal,-20.984038974241752,-48.064125347515095
3540259,Pontalinda,-20.45047601628229,-50.52476380094802
3540309,Pontes Gestal,-20.174633380582165,-49.75676126998554
3540408,Populina,-19.907003488641205,-50.516924691497586
3540507,Porangaba,-23.173279203394202,-48.1167963053748
3540606,Porto Feliz,-23.22987030142716,-47.51628465435315
3540705,Porto Ferreira,-21.842218393951747,-47.44685734603694
3540754,Potim,-22.8246857026931,-45.30315277131375
3540804,Potirendaba,-21.07498676633503,-49.391065508507346
3540853,Pracinha,-21.836929227998457,-51.074383945191165
3540903,Pradópolis,-21.34414721287881,-48.08561122912405
3541000,Praia Grande,-24.014813192388313,-46.521435608196356
3541059,Pratânia,-22.817907753501004,-48.69634465400251
3541109,Presidente Alves,-22.121879972006738,-49.431352466665906
3541208,Presidente Bernardes,-22.107789066213904,-51.619828364418716
3541307,Presidente Epitácio,-21.91060801682223,-52.17476438174667
3541406,Presidente Prudente,-21.99291712021068,-51.34269248130979
3541505,Presidente Venceslau,-21.79246917770401,-51.837811030962655
3541604,Promissão,-21.5247439175969,-49.87011898078659
3541653,Quadra,-23.300518682671537,-48.03840286492324
3541703,Quatá,-22.2059657993455,-50.64511654376908
3541802,Queiroz,-21.80022368710131,-50.2452957184682
3541901,Queluz,-22.50358067629471,-44.784757793812005
3542008,Quintana,-22.099970859239825,-50.36875272141431
3542107,Rafard,-23.044515677747608,-47.583193112786276
3542206,Rancharia,-22.282758949360268,-50.927951333366074
3542305,Redenção da Serra,-23.253124463346182,-45.52609308436333
3542404,Regente Feijó,-22.250721305310478,-51.29326345703499
3542503,Reginópolis,-21.882842125857717,-49.179919286593574
3542602,Registro,-24.503578522826395,-47.820540692348764
3542701,Restinga,-20.647837466446564,-47.50577376434606
3542800,Ribeira,-24.606807024249484,-49.03606565269529
3542909,Ribeirão Bonito,-22.059691617188825,-48.1850160690531
3543006,Ribeirão Branco,-24.255580186195427,-48.777680537725104
3543105,Ribeirão Corrente,-20.448519558154867,-47.572871684314656
3543204,Ribeirão do Sul,-22.751132397778683,-49.92184654406454
3543238,Ribeirão dos Índios,-21.78421286096955,-51.583027034533664
3543253,Ribeirão Grande,-24.18829017154315,-48.358335578558986
3543303,Ribeirão Pires,-23.70026647618657,-46.40257362278653
3543402,Ribeirão Preto,-21.210492265735308,-47.821030498932906
3543501,Riversul,-23.84621744804386,-49.447368713041726
3543600,Rifaina,-20.0610154785768,-47.43994061959174
3543709,Rincão,-21.593662941299698,-48.03161697278964
3543808,Rinópolis,-21.68079710664502,-50.71708005931778
3543907,Rio Claro,-22.373256859475266,-47.57931531370589
3544004,Rio das Pedras,-22.84995006492749,-47.59809117918726
3544103,Rio Grande da Serra,-23.737639586454303,-46.37955294830345
3544202,Riolândia,-20.02325512858745,-49.70888597454183
3544251,Rosana,-22.488279337485213,-52.836266360145984
3544301,Roseira,-22.932516708681753,-45.30225983405965
3544400,Rubiácea,-21.360700769309055,-50.785390146300195
3544509,Rubinéia,-20.24782837434038,-51.01768056026098
3544608,Sabino,-21.469095024326485,-49.57689629537012
3544707,Sagres,-21.8674527610522,-50.989650401895986
3544806,Sales,-21.34665089061129,-49.50203510583053
3544905,Sales Oliveira,-20.831178813762147,-47.85421810569287
3545001,Salesópolis,-23.579406437715388,-45.842312024702444
3545100,Salmourão,-21.587675942837105,-50.876033694363116
3545159,Saltinho,-22.870796895198037,-47.73151783905497
3545209,Salto,-23.180022718715144,-47.30212248423069
3545308,Salto de Pirapora,-23.652373111398393,-47.580239789033364
3545407,Salto Grande,-22.870345067229398,-49.96048472127784
3545506,Sandovalina,-22.477442658136685,-51.841450839584724
3545605,Santa Adélia,-21.31763851686322,-48.81835579734934
3545704,Santa Albertina,-20.013803844858845,-50.7272720817354
3545803,Santa Bárbara d'Oeste,-22.80014687326172,-47.42751180467579
3546009,Santa Branca,-23.425326840510113,-45.86311081327015
3546108,Santa Clara d'Oeste,-20.066400627268145,-50.908196369638134
3546207,Santa Cruz da Conceição,-22.120945641654803,-47.4848366065635
3546256,Santa Cruz da Esperança,-21.27417323958967,-47.43902022943888
3546306,Santa Cruz das Palmeiras,-21.855157145620502,-47.24968053138802
3546405,Santa Cruz do Rio Pardo,-22.809091872506976,-49.56803687335848
3546504,Santa Ernestina,-21.451828230036686,-48.36612154635576
3546603,Santa Fé do Sul,-20.24265795809542,-50.95174165779068
3546702,Santa Gertrudes,-22.47491623258028,-47.52086008035794
3546801,Santa Isabel,-23.288647456960963,-46.24191429195276
3546900,Santa Lúcia,-21.670350023257736,-48.05715252864124
3547007,Santa Maria da Serra,-22.563113006597987,-48.15502274692867
3547106,Santa Mercedes,-21.316469517637355,-51.7363713178795
3547205,Santana da Ponte Pensa,-20.260156582668067,-50.79650832923645
3547304,Santana de Parnaíba,-23.44904546271627,-46.91624233114881
3547403,Santa Rita d'Oeste,-20.09617414127395,-50.812332683282214
3547502,Santa Rita do Passa Quatro,-21.681877050284662,-47.50761970022372
3547601,Santa Rosa de Viterbo,-21.503231804910534,-47.36565493897181
3547650,Santa Salete,-20.258093499282555,-50.719526021443464
3547700,Santo Anastácio,-22.037838408739937,-51.722009284070324
3547809,Santo André,-23.727582795487983,-46.44110881359587
3547908,Santo Antônio da Alegria,-21.091846415725527,-47.195307589099265
3548005,Santo Antônio de Posse,-22.60281064215778,-46.94931919750409
3548054,Santo Antônio do Aracanguá,-20.872522458384168,-50.553962582443724
3548104,Santo Antônio do Jardim,-22.130163047033633,-46.68336774849302
3548203,Santo Antônio do Pinhal,-22.831526091325813,-45.697630742481685
3548302,Santo Expedito,-21.825082905856593,-51.36962750632451
3548401,Santópolis do Aguapeí,-21.66003965444619,-50.51764312254003
3548500,Santos,-23.868006529085683,-46.29089592830115
3548609,São Bento do Sapucaí,-22.681040220361414,-45.68623770075701
3548708,São Bernardo do Campo,-23.812547250898135,-46.55022059707442
3548807,São Caetano do Sul,-23.626221555640797,-46.565764052186914
3548906,São Carlos,-21.918493581929805,-47.86669599923511
3549003,São Francisco,-20.365224241672532,-50.67541302938893
3549102,São João da Boa Vista,-21.97765855153307,-46.8017850413827
3549201,São João das Duas Pontes,-20.40798248922951,-50.38296619050398
3549250,São João de Iracema,-20.520486040709883,-50.35597805521178
3549300,São João do Pau d'Alho,-21.222947029944525,-51.672722298146255
3549409,São Joaquim da Barra,-20.550313495113393,-47.93806033872805
3549508,São José da Bela Vista,-20.586987216248918,-47.62684489276381
3549607,São José do Barreiro,-22.74801826839744,-44.58667463230179
3549706,São José do Rio Pardo,-21.60329948058082,-46.87919540875397
3549805,São José do Rio Preto,-20.797717826481136,-49.35804069320856
3549904,São José dos Campos,-23.090171523848948,-45.92816060688402
3549953,São Lourenço da Serra,-23.851941618288937,-46.935739620261295
3550001,São Luís do Paraitinga,-23.239598356287363,-45.25349521397375
3550100,São Manuel,-22.68165585064244,-48.53983127499262
3550209,São Miguel Arcanjo,-23.913641065630994,-47.9927948189027
3550308,São Paulo,-23.650225338676957,-46.64801277922462
3550407,São Pedro,-22.557890104340185,-47.924467193851285
3550506,São Pedro do Turvo,-22.678563385471627,-49.77143527014515
3550605,São Roque,-23.54898855197149,-47.109589132756405
3550704,São Sebastião,-23.75186941912483,-45.606535028413056
3550803,São Sebastião da Grama,-21.753412325788,-46.7528016310468
3550902,São Simão,-21.46109522981845,-47.567874512481296
3551009,São Vicente,-23.958310851439105,-46.48840069740406
3551108,Sarapuí,-23.663924991479565,-47.78537318562296
3551207,Sarutaiá,-23.25762285330904,-49.48110839605222
3551306,Sebastianópolis do Sul,-20.630613120909796,-49.91467477807717
3551405,Serra Azul,-21.31597234349302,-47.549406818411136
3551504,Serrana,-21.2167277331088,-47.6114334936209
3551603,Serra Negra,-22.588814061715702,-46.68651826848517
3551702,Sertãozinho,-21.1226015721659,-48.008603049946124
3551801,Sete Barras,-24.273634779794865,-47.93508639858515
3551900,Severínia,-20.79285025891351,-48.79297896886747
3552007,Silveiras,-22.734355033212573,-44.84044186038384
3552106,Socorro,-22.610626087388486,-46.52399379375032
3552205,Sorocaba,-23.464064755164575,-47.446390021314386
3552304,Sud Mennucci,-20.66635115120878,-50.900252007254906
3552403,Sumaré,-22.841319834129713,-47.2627545209694
3552502,Suzano,-23.608204662423788,-46.30979220056412
3552551,Suzanápolis,-20.472626829171837,-51.07417981976802
3552601,Tabapuã,-20.931392083688106,-49.028582818304926
3552700,Tabatinga,-21.71230062255583,-48.62904281180008
3552809,Taboão da Serra,-23.62010389224425,-46.78613966898083
3552908,Taciba,-22.504385224227743,-51.34183210523348
3553005,Taguaí,-23.473901960738466,-49.3966047961488
3553104,Taiaçu,-21.13161088726199,-48.5296568955838
3553203,Taiúva,-21.13218926490931,-48.42784621142677
3553302,Tambaú,-21.6014372139985,-47.238536882595525
3553401,Tanabi,-20.530825237301528,-49.645698042533006
3553500,Tapiraí,-24.008224911324795,-47.61893486635768
3553609,Tapiratiba,-21.450452500019694,-46.74128532685898
3553658,Taquaral,-21.068715696226004,-48.399048354608134
3553708,Taquaritinga,-21.42520848836304,-48.537398529274796
3553807,Taquarituba,-23.52978886377043,-49.23406573030314
3553856,Taquarivaí,-23.942677513208917,-48.68771795706272
3553906,Tarabai,-22.35871687377402,-51.62593677588162
3553955,Tarumã,-22.763057883702928,-50.60102222916734
3554003,Tatuí,-23.36157686989117,-47.86907396124141
3554102,Taubaté,-23.086730290669834,-45.50199371395463
3554201,Tejupá,-23.34215339901902,-49.30601435178285
3554300,Teodoro Sampaio,-22.416330013538012,-52.373452658669244
3554409,Terra Roxa,-20.77827556615107,-48.345504374935864
3554508,Tietê,-23.049007055442353,-47.70702805336359
3554607,Timburi,-23.195456336400113,-49.60981545874878
3554656,Torre de Pedra,-23.24970135332775,-48.212172156542835
3554706,Torrinha,-22.44292605318888,-48.16311177198712
3554755,Trabiju,-22.031837114631106,-48.34501730920537
3554805,Tremembé,-22.940467830142406,-45.603437661116644
3554904,Três Fronteiras,-20.272016738057744,-50.86916910097949
3554953,Tuiuti,-22.830046474103895,-46.687018315888494
3555000,Tupã,-21.947244916771794,-50.53420819810559
3555109,Tupi Paulista,-21.389981153664895,-51.58660813194633
3555208,Turiúba,-20.94018591093612,-50.11062091386862
3555307,Turmalina,-20.08305697445334,-50.45616513230164
3555356,Ubarana,-21.21951502054502,-49.74776965958321
3555406,Ubatuba,-23.380365927734733,-45.02319225910318
3555505,Ubirajara,-22.543838886146972,-49.665460887427365
3555604,Uchoa,-20.93651802988491,-49.15751047685834
3555703,União Paulista,-20.89028057398775,-49.88681006306814
3555802,Urânia,-20.20818200911109,-50.65181432882584
3555901,Uru,-21.76572669422987,-49.29583395419226
3556008,Urupês,-21.20488789971229,-49.26477523630155
3556107,Valentim Gentil,-20.420126962331864,-50.101163351875385
3556206,Valinhos,-22.974779750318426,-46.98092452502556
3556305,Valparaíso,-21.202737828259778,-50.92340038872694
3556354,Vargem,-22.88970332533853,-46.4137993104129
3556404,Vargem Grande do Sul,-21.860295137125295,-46.89855377836582
3556453,Vargem Grande Paulista,-23.62077603716246,-47.01456414566096
3556503,Várzea Paulista,-23.2187784460156,-46.82463747635804
3556602,Vera Cruz,-22.233925212783777,-49.825792241719356
3556701,Vinhedo,-23.046097203776846,-46.97884727066359
3556800,Viradouro,-20.884067755536428,-48.309586964431375
3556909,Vista Alegre do Alto,-21.17652666573322,-48.64884347710732
3556958,Vitória Brasil,-20.19788129018253,-50.48488728273089
3557006,Votorantim,-23.579232179761142,-47.405992043069034
3557105,Votuporanga,-20.458152979737577,-49.98817038877568
3557154,Zacarias,-21.124921325555967,-50.04907084008142
3557204,Chavantes,-23.045948212530334,-49.72614642128234
3557303,Estiva Gerbi,-22.23559762280802,-46.942504674281786
